auc-PR,auc,ap,precision,recall,f1,dataset,scenario,model,anomaly_ratio,total_samples,anomaly_count
0.1899,0.5504,0.1079,0.1319,0.19,0.1557,AnnThyroid,D,SO_GAAL,0.09090909090909091,1100,100
0.7433,0.932,0.576,0.6184,0.875,0.7246,CreditCard,A,SO_GAAL,0.09090909090909091,2200,200
0.6622,0.9709,0.6649,0.75,0.825,0.7857,NSL-KDD,C,FEAWAD,0.09090909090909091,2200,200
0.7889,0.9562,0.7935,0.7591,0.835,0.7952,CreditCard,A,VAE,0.09090909090909091,2200,200
0.9289,0.9793,0.929,0.8091,0.89,0.8476,CreditCard,A,FTTransformer,0.09090909090909091,2200,200
0.0782,0.6812,0.0851,0.0762,0.1739,0.106,EmailSpam-bert,A,DeepSVDD,0.04397705544933078,1046,46
0.7721,0.9198,0.7729,0.7455,0.82,0.781,CreditCard,A,DeepSVDD,0.09090909090909091,2200,200
0.5795,0.9213,0.5871,0.5955,0.655,0.6238,CreditCard,C,AE,0.09090909090909091,2200,200
0.6962,0.9429,0.7025,0.6909,0.76,0.7238,CreditCard,B,LUNAR,0.09090909090909091,2200,200
0.9234,0.9668,0.9236,0.8318,0.915,0.8714,CreditCard,D,DevNet,0.09090909090909091,2200,200
0.0594,0.6127,0.0624,0.0667,0.1522,0.0927,EmailSpam-bert,C,DeepSVDD,0.04397705544933078,1046,46
0.8986,0.9676,0.8988,0.7909,0.87,0.8286,CreditCard,D,FTTransformer,0.09090909090909091,2200,200
0.8901,0.9714,0.8933,0.8182,0.9,0.8571,CreditCard,D,FEAWAD,0.09090909090909091,2200,200
0.1052,0.7152,0.1118,0.1333,0.3043,0.1854,EmailSpam-bert,C,GANoma,0.04397705544933078,1046,46
0.1036,0.7906,0.1084,0.1238,0.2826,0.1722,EmailSpam-bert,B,VAE,0.04397705544933078,1046,46
0.7741,0.9672,0.7747,0.7273,0.8,0.7619,NSL-KDD,C,VAE,0.09090909090909091,2200,200
0.3649,0.791,0.3671,0.3364,0.37,0.3524,AnnThyroid,B,AE,0.09090909090909091,1100,100
0.6679,0.9339,0.6702,0.5682,0.625,0.5952,NSL-KDD,A,LUNAR,0.09090909090909091,2200,200
0.3034,0.7402,0.3075,0.3182,0.35,0.3333,AnnThyroid,D,VAE,0.09090909090909091,1100,100
0.548,0.8292,0.5256,0.5182,0.57,0.5429,NSL-KDD,D,SO_GAAL,0.09090909090909091,2200,200
0.6293,0.9573,0.6331,0.6773,0.745,0.7095,NSL-KDD,C,DeepSVDD,0.09090909090909091,2200,200
0.4104,0.8128,0.4127,0.4091,0.45,0.4286,CreditCard,A,DAGMM,0.09090909090909091,2200,200
0.2151,0.7914,0.2174,0.2318,0.255,0.2429,NSL-KDD,C,DAGMM,0.09090909090909091,2200,200
0.8992,0.9596,0.8993,0.8091,0.89,0.8476,CreditCard,C,FTTransformer,0.09090909090909091,2200,200
0.3337,0.7575,0.337,0.3273,0.36,0.3429,AnnThyroid,C,VAE,0.09090909090909091,1100,100
0.1268,0.7944,0.1334,0.1524,0.3478,0.2119,EmailSpam-bert,D,AE,0.04397705544933078,1046,46
0.7197,0.9451,0.7259,0.6773,0.745,0.7095,CreditCard,D,VAE,0.09090909090909091,2200,200
0.0498,0.5272,0.0536,0.0571,0.1304,0.0795,EmailSpam-bert,B,DeepSVDD,0.04397705544933078,1046,46
0.7497,0.9789,0.7525,0.4095,0.9348,0.5695,EmailSpam-bert,A,FEAWAD,0.04397705544933078,1046,46
0.1941,0.6803,0.1977,0.2273,0.25,0.2381,AnnThyroid,D,DeepSVDD,0.09090909090909091,1100,100
0.3549,0.7501,0.3568,0.3091,0.34,0.3238,AnnThyroid,A,DeepSVDD,0.09090909090909091,1100,100
0.7794,0.9379,0.6631,0.7253,0.845,0.7806,CreditCard,B,SO_GAAL,0.09090909090909091,2200,200
0.9227,0.9628,0.9228,0.8227,0.905,0.8619,CreditCard,B,FEAWAD,0.09090909090909091,2200,200
0.5637,0.9005,0.5703,0.5955,0.655,0.6238,CreditCard,C,LUNAR,0.09090909090909091,2200,200
0.8392,0.9888,0.8412,0.8,0.88,0.8381,AnnThyroid,B,FTTransformer,0.09090909090909091,1100,100
0.9434,0.975,0.9435,0.8318,0.915,0.8714,CreditCard,B,DevNet,0.09090909090909091,2200,200
0.7539,0.9269,0.6154,0.6746,0.85,0.7522,CreditCard,C,SO_GAAL,0.09090909090909091,2200,200
0.8723,0.9458,0.8725,0.7591,0.835,0.7952,CreditCard,B,GANoma,0.09090909090909091,2200,200
0.6724,0.9182,0.6734,0.5545,0.61,0.581,NSL-KDD,B,LUNAR,0.09090909090909091,2200,200
0.8464,0.97,0.8479,0.4095,0.9348,0.5695,EmailSpam-bert,C,DevNet,0.04397705544933078,1046,46
0.1029,0.6928,0.1135,0.1143,0.2609,0.1589,EmailSpam-bert,D,DeepSVDD,0.04397705544933078,1046,46
0.7715,0.973,0.774,0.8091,0.89,0.8476,NSL-KDD,A,FEAWAD,0.09090909090909091,2200,200
0.1637,0.6542,0.1671,0.2455,0.27,0.2571,AnnThyroid,B,GANoma,0.09090909090909091,1100,100
0.4889,0.8682,0.496,0.5091,0.56,0.5333,CreditCard,C,DeepSVDD,0.09090909090909091,2200,200
0.866,0.9702,0.8689,0.7955,0.875,0.8333,CreditCard,C,FEAWAD,0.09090909090909091,2200,200
0.2979,0.7256,0.3025,0.2727,0.3,0.2857,AnnThyroid,C,GANoma,0.09090909090909091,1100,100
0.6529,0.9024,0.6104,0.6182,0.68,0.6476,NSL-KDD,B,SO_GAAL,0.09090909090909091,2200,200
0.219,0.7121,0.2235,0.2636,0.29,0.2762,CreditCard,B,DAGMM,0.09090909090909091,2200,200
0.8953,0.9913,0.896,0.4286,0.9783,0.596,EmailSpam-bert,C,FEAWAD,0.04397705544933078,1046,46
0.2878,0.7501,0.2915,0.2909,0.32,0.3048,AnnThyroid,A,AE,0.09090909090909091,1100,100
0.7343,0.9475,0.7392,0.6955,0.765,0.7286,CreditCard,C,VAE,0.09090909090909091,2200,200
0.9592,0.9895,0.9593,0.8545,0.94,0.8952,NSL-KDD,A,FTTransformer,0.09090909090909091,2200,200
0.8179,0.973,0.8184,0.7273,0.8,0.7619,NSL-KDD,B,VAE,0.09090909090909091,2200,200
0.7505,0.9494,0.7568,0.6955,0.765,0.7286,CreditCard,B,DeepSVDD,0.09090909090909091,2200,200
0.2491,0.7538,0.2549,0.2818,0.31,0.2952,AnnThyroid,C,LUNAR,0.09090909090909091,1100,100
0.1099,0.5786,0.1119,0.0909,0.1,0.0952,AnnThyroid,D,GANoma,0.09090909090909091,1100,100
0.9614,0.9856,0.9614,0.8545,0.94,0.8952,NSL-KDD,B,DevNet,0.09090909090909091,2200,200
0.8794,0.9728,0.8805,0.4286,0.9783,0.596,EmailSpam-bert,A,DevNet,0.04397705544933078,1046,46
0.8538,0.988,0.8548,0.7818,0.86,0.819,AnnThyroid,A,DevNet,0.09090909090909091,1100,100
0.2631,0.7666,0.2707,0.3091,0.34,0.3238,AnnThyroid,D,LUNAR,0.09090909090909091,1100,100
0.143,0.8093,0.1516,0.1429,0.3261,0.1987,EmailSpam-bert,A,AE,0.04397705544933078,1046,46
0.7643,0.9686,0.7649,0.6818,0.75,0.7143,NSL-KDD,B,AE,0.09090909090909091,2200,200
0.8579,0.9886,0.8589,0.7818,0.86,0.819,AnnThyroid,B,DevNet,0.09090909090909091,1100,100
0.231,0.7104,0.2317,0.1604,0.3696,0.2237,EmailSpam-bert,D,SO_GAAL,0.04397705544933078,1046,46
0.0934,0.701,0.0991,0.1143,0.2609,0.1589,EmailSpam-bert,A,GANoma,0.04397705544933078,1046,46
0.7793,0.9829,0.7855,0.7182,0.79,0.7524,AnnThyroid,D,FTTransformer,0.09090909090909091,1100,100
0.9418,0.9728,0.9418,0.8318,0.915,0.8714,CreditCard,C,DevNet,0.09090909090909091,2200,200
0.0559,0.5947,0.0587,0.0381,0.087,0.053,EmailSpam-bert,B,SO_GAAL,0.04397705544933078,1046,46
0.12,0.7743,0.1269,0.1524,0.3478,0.2119,EmailSpam-bert,B,GANoma,0.04397705544933078,1046,46
0.7221,0.9246,0.5627,0.6157,0.825,0.7051,CreditCard,D,SO_GAAL,0.09090909090909091,2200,200
0.6463,0.9096,0.6503,0.5773,0.635,0.6048,CreditCard,D,GANoma,0.09090909090909091,2200,200
0.8032,0.9158,0.8037,0.7545,0.83,0.7905,CreditCard,C,GANoma,0.09090909090909091,2200,200
0.4931,0.8683,0.4954,0.4,0.44,0.419,NSL-KDD,C,LUNAR,0.09090909090909091,2200,200
0.2039,0.6346,0.2111,0.2909,0.32,0.3048,AnnThyroid,C,DAGMM,0.09090909090909091,1100,100
0.6091,0.9587,0.6133,0.7227,0.795,0.7571,NSL-KDD,A,DeepSVDD,0.09090909090909091,2200,200
0.7282,0.9648,0.7291,0.6773,0.745,0.7095,NSL-KDD,D,VAE,0.09090909090909091,2200,200
0.675,0.9653,0.6775,0.75,0.825,0.7857,NSL-KDD,A,GANoma,0.09090909090909091,2200,200
0.6464,0.9555,0.6488,0.7091,0.78,0.7429,NSL-KDD,B,DeepSVDD,0.09090909090909091,2200,200
0.1487,0.8258,0.1565,0.1619,0.3696,0.2252,EmailSpam-bert,B,AE,0.04397705544933078,1046,46
0.3216,0.7835,0.326,0.3273,0.36,0.3429,AnnThyroid,B,LUNAR,0.09090909090909091,1100,100
0.7551,0.8958,0.7566,0.3714,0.8478,0.5166,EmailSpam-bert,D,DevNet,0.04397705544933078,1046,46
0.0523,0.5298,0.0571,0.0667,0.1522,0.0927,EmailSpam-bert,D,DAGMM,0.04397705544933078,1046,46
0.9614,0.9887,0.9615,0.8591,0.945,0.9,NSL-KDD,B,FTTransformer,0.09090909090909091,2200,200
0.4647,0.8788,0.4686,0.5227,0.575,0.5476,CreditCard,D,LUNAR,0.09090909090909091,2200,200
0.5057,0.8622,0.5074,0.4091,0.45,0.4286,AnnThyroid,B,DeepSVDD,0.09090909090909091,1100,100
0.8055,0.9847,0.8081,0.4286,0.9783,0.596,EmailSpam-bert,D,FEAWAD,0.04397705544933078,1046,46
0.1096,0.7341,0.1157,0.1524,0.3478,0.2119,EmailSpam-bert,D,GANoma,0.04397705544933078,1046,46
0.775,0.9404,0.7772,0.7091,0.78,0.7429,AnnThyroid,B,FEAWAD,0.09090909090909091,1100,100
0.1006,0.7839,0.1054,0.1143,0.2609,0.1589,EmailSpam-bert,D,VAE,0.04397705544933078,1046,46
0.4025,0.7944,0.4047,0.3455,0.38,0.3619,AnnThyroid,B,VAE,0.09090909090909091,1100,100
0.8652,0.9551,0.8663,0.419,0.9565,0.5828,EmailSpam-bert,B,DevNet,0.04397705544933078,1046,46
0.6114,0.9301,0.6123,0.5182,0.57,0.5429,NSL-KDD,D,AE,0.09090909090909091,2200,200
0.686,0.9468,0.6929,0.6955,0.765,0.7286,CreditCard,A,AE,0.09090909090909091,2200,200
0.8932,0.9894,0.8939,0.4095,0.9348,0.5695,EmailSpam-bert,C,FTTransformer,0.04397705544933078,1046,46
0.4827,0.7414,0.4675,0.4661,0.515,0.4893,NSL-KDD,C,SO_GAAL,0.09090909090909091,2200,200
0.1199,0.7822,0.1263,0.1333,0.3043,0.1854,EmailSpam-bert,D,LUNAR,0.04397705544933078,1046,46
0.7185,0.965,0.7204,0.6455,0.71,0.6762,AnnThyroid,A,FEAWAD,0.09090909090909091,1100,100
0.7163,0.9711,0.7193,0.8364,0.92,0.8762,NSL-KDD,D,FEAWAD,0.09090909090909091,2200,200
0.0443,0.4972,0.0465,0.0571,0.1304,0.0795,EmailSpam-bert,B,DAGMM,0.04397705544933078,1046,46
0.1052,0.7948,0.1102,0.1238,0.2826,0.1722,EmailSpam-bert,C,VAE,0.04397705544933078,1046,46
0.2492,0.8336,0.2516,0.2591,0.285,0.2714,NSL-KDD,A,DAGMM,0.09090909090909091,2200,200
0.8563,0.9886,0.8574,0.7818,0.86,0.819,AnnThyroid,C,DevNet,0.09090909090909091,1100,100
0.2869,0.6807,0.1884,0.2222,0.3,0.2553,AnnThyroid,A,SO_GAAL,0.09090909090909091,1100,100
0.141,0.8339,0.1476,0.1619,0.3696,0.2252,EmailSpam-bert,A,LUNAR,0.04397705544933078,1046,46
0.0738,0.6713,0.0773,0.0952,0.2174,0.1325,EmailSpam-bert,A,DAGMM,0.04397705544933078,1046,46
0.4145,0.8052,0.4167,0.3636,0.4,0.381,AnnThyroid,A,VAE,0.09090909090909091,1100,100
0.7762,0.9878,0.7786,0.8545,0.94,0.8952,NSL-KDD,B,FEAWAD,0.09090909090909091,2200,200
0.1225,0.7832,0.1291,0.1429,0.3261,0.1987,EmailSpam-bert,C,AE,0.04397705544933078,1046,46
0.1469,0.8376,0.154,0.1619,0.3696,0.2252,EmailSpam-bert,B,LUNAR,0.04397705544933078,1046,46
0.7809,0.971,0.7815,0.6909,0.76,0.7238,NSL-KDD,A,AE,0.09090909090909091,2200,200
0.2279,0.642,0.2319,0.3,0.33,0.3143,AnnThyroid,B,DAGMM,0.09090909090909091,1100,100
0.7245,0.928,0.7314,0.7104,0.785,0.7458,CreditCard,D,DeepSVDD,0.09090909090909091,2200,200
0.1545,0.6902,0.1569,0.1132,0.2609,0.1579,EmailSpam-bert,C,SO_GAAL,0.04397705544933078,1046,46
0.1941,0.7977,0.1964,0.1227,0.135,0.1286,NSL-KDD,B,DAGMM,0.09090909090909091,2200,200
0.1398,0.5336,0.1412,0.1818,0.2,0.1905,AnnThyroid,D,DAGMM,0.09090909090909091,1100,100
0.921,0.974,0.9211,0.8227,0.905,0.8619,CreditCard,A,FEAWAD,0.09090909090909091,2200,200
0.7981,0.9074,0.7988,0.7364,0.81,0.7714,CreditCard,D,DAGMM,0.09090909090909091,2200,200
0.5548,0.9724,0.5675,0.381,0.8696,0.5298,EmailSpam-bert,D,FTTransformer,0.04397705544933078,1046,46
0.2505,0.6349,0.146,0.194,0.26,0.2222,AnnThyroid,C,SO_GAAL,0.09090909090909091,1100,100
0.1967,0.6119,0.2005,0.2545,0.28,0.2667,AnnThyroid,A,DAGMM,0.09090909090909091,1100,100
0.6646,0.9374,0.6698,0.6364,0.7,0.6667,CreditCard,B,AE,0.09090909090909091,2200,200
0.8552,0.9884,0.8564,0.7909,0.87,0.8286,AnnThyroid,C,FTTransformer,0.09090909090909091,1100,100
0.2732,0.8611,0.2756,0.2727,0.3,0.2857,NSL-KDD,D,DAGMM,0.09090909090909091,2200,200
0.8647,0.9893,0.8657,0.7909,0.87,0.8286,AnnThyroid,A,FTTransformer,0.09090909090909091,1100,100
0.8291,0.9728,0.8296,0.7318,0.805,0.7667,NSL-KDD,A,VAE,0.09090909090909091,2200,200
0.208,0.7288,0.2149,0.2455,0.27,0.2571,AnnThyroid,C,AE,0.09090909090909091,1100,100
0.7776,0.9528,0.7787,0.7182,0.79,0.7524,AnnThyroid,C,FEAWAD,0.09090909090909091,1100,100
0.0634,0.5958,0.0677,0.0667,0.1522,0.0927,EmailSpam-bert,C,DAGMM,0.04397705544933078,1046,46
0.9534,0.9589,0.9535,0.8545,0.94,0.8952,NSL-KDD,A,DevNet,0.09090909090909091,2200,200
0.1792,0.6591,0.1846,0.2455,0.27,0.2571,AnnThyroid,A,GANoma,0.09090909090909091,1100,100
0.648,0.9484,0.6505,0.7273,0.8,0.7619,NSL-KDD,B,GANoma,0.09090909090909091,2200,200
0.8456,0.9793,0.8469,0.4,0.913,0.5563,EmailSpam-bert,B,FEAWAD,0.04397705544933078,1046,46
0.4262,0.928,0.429,0.4364,0.48,0.4571,NSL-KDD,D,GANoma,0.09090909090909091,2200,200
0.94,0.9869,0.94,0.8182,0.9,0.8571,NSL-KDD,D,FTTransformer,0.09090909090909091,2200,200
0.9409,0.9622,0.9409,0.8409,0.925,0.881,NSL-KDD,C,FTTransformer,0.09090909090909091,2200,200
0.7408,0.9485,0.7468,0.7273,0.8,0.7619,CreditCard,A,LUNAR,0.09090909090909091,2200,200
0.8695,0.9907,0.8707,0.4286,0.9783,0.596,EmailSpam-bert,A,FTTransformer,0.04397705544933078,1046,46
0.68,0.9511,0.6807,0.5227,0.575,0.5476,NSL-KDD,C,AE,0.09090909090909091,2200,200
0.9427,0.973,0.9428,0.8318,0.915,0.8714,CreditCard,A,DevNet,0.09090909090909091,2200,200
0.9591,0.9749,0.9591,0.8545,0.94,0.8952,NSL-KDD,C,DevNet,0.09090909090909091,2200,200
0.1369,0.8278,0.1438,0.1524,0.3478,0.2119,EmailSpam-bert,C,LUNAR,0.04397705544933078,1046,46
0.558,0.918,0.5652,0.5727,0.63,0.6,CreditCard,D,AE,0.09090909090909091,2200,200
0.3049,0.7847,0.3117,0.3364,0.37,0.3524,AnnThyroid,A,LUNAR,0.09090909090909091,1100,100
0.8826,0.9479,0.8827,0.7727,0.85,0.8095,CreditCard,A,GANoma,0.09090909090909091,2200,200
0.2696,0.7164,0.2726,0.2909,0.32,0.3048,AnnThyroid,C,DeepSVDD,0.09090909090909091,1100,100
0.8467,0.9841,0.8479,0.3905,0.8913,0.543,EmailSpam-bert,B,FTTransformer,0.04397705544933078,1046,46
0.074,0.6421,0.0792,0.1238,0.2826,0.1722,EmailSpam-bert,A,SO_GAAL,0.04397705544933078,1046,46
0.5622,0.9481,0.5649,0.6455,0.71,0.6762,NSL-KDD,C,GANoma,0.09090909090909091,2200,200
0.3531,0.8089,0.3584,0.3727,0.41,0.3905,CreditCard,C,DAGMM,0.09090909090909091,2200,200
0.9254,0.9722,0.9255,0.8045,0.885,0.8429,CreditCard,B,FTTransformer,0.09090909090909091,2200,200
0.737,0.9637,0.7387,0.7273,0.8,0.7619,NSL-KDD,D,DeepSVDD,0.09090909090909091,2200,200
0.7673,0.9511,0.7721,0.7455,0.82,0.781,CreditCard,B,VAE,0.09090909090909091,2200,200
0.8461,0.9876,0.8473,0.7818,0.86,0.819,AnnThyroid,D,DevNet,0.09090909090909091,1100,100
0.7987,0.9347,0.7783,0.75,0.825,0.7857,NSL-KDD,A,SO_GAAL,0.09090909090909091,2200,200
0.2806,0.6303,0.1949,0.2589,0.29,0.2736,AnnThyroid,B,SO_GAAL,0.09090909090909091,1100,100
0.103,0.7905,0.1079,0.1238,0.2826,0.1722,EmailSpam-bert,A,VAE,0.04397705544933078,1046,46
0.3038,0.754,0.3066,0.3182,0.35,0.3333,AnnThyroid,D,AE,0.09090909090909091,1100,100
0.7418,0.9782,0.7488,0.7273,0.8,0.7619,AnnThyroid,D,FEAWAD,0.09090909090909091,1100,100
0.9537,0.9647,0.9538,0.85,0.935,0.8905,NSL-KDD,D,DevNet,0.09090909090909091,2200,200
0.3279,0.8069,0.3307,0.2955,0.325,0.3095,NSL-KDD,D,LUNAR,0.09090909090909091,2200,200
0.1896,0.6123,0.1482,0.2,0.23,0.214,AnnThyroid,D,SO_GAAL,0.09090909090909091,1100,100
0.7708,0.9404,0.6285,0.6757,0.875,0.7625,CreditCard,A,SO_GAAL,0.09090909090909091,2200,200
0.8501,0.9677,0.8528,0.8455,0.93,0.8857,NSL-KDD,C,FEAWAD,0.09090909090909091,2200,200
0.7816,0.9539,0.7863,0.7545,0.83,0.7905,CreditCard,A,VAE,0.09090909090909091,2200,200
0.9301,0.9715,0.9301,0.8182,0.9,0.8571,CreditCard,A,FTTransformer,0.09090909090909091,2200,200
0.0569,0.6457,0.0589,0.0381,0.087,0.053,EmailSpam-bert,A,DeepSVDD,0.04397705544933078,1046,46
0.7834,0.9473,0.7878,0.7409,0.815,0.7762,CreditCard,A,DeepSVDD,0.09090909090909091,2200,200
0.5743,0.9224,0.5818,0.5864,0.645,0.6143,CreditCard,C,AE,0.09090909090909091,2200,200
0.682,0.9417,0.6883,0.6864,0.755,0.719,CreditCard,B,LUNAR,0.09090909090909091,2200,200
0.9395,0.9696,0.9395,0.8318,0.915,0.8714,CreditCard,D,DevNet,0.09090909090909091,2200,200
0.087,0.6905,0.0912,0.1048,0.2391,0.1457,EmailSpam-bert,C,DeepSVDD,0.04397705544933078,1046,46
0.8648,0.9637,0.8652,0.7818,0.86,0.819,CreditCard,D,FTTransformer,0.09090909090909091,2200,200
0.7447,0.9508,0.749,0.7,0.77,0.7333,CreditCard,D,FEAWAD,0.09090909090909091,2200,200
0.105,0.7347,0.113,0.1238,0.2826,0.1722,EmailSpam-bert,C,GANoma,0.04397705544933078,1046,46
0.1049,0.7949,0.1097,0.1238,0.2826,0.1722,EmailSpam-bert,B,VAE,0.04397705544933078,1046,46
0.7786,0.9684,0.7792,0.7318,0.805,0.7667,NSL-KDD,C,VAE,0.09090909090909091,2200,200
0.3505,0.7546,0.3526,0.2909,0.32,0.3048,AnnThyroid,B,AE,0.09090909090909091,1100,100
0.6945,0.9426,0.6966,0.5682,0.625,0.5952,NSL-KDD,A,LUNAR,0.09090909090909091,2200,200
0.3038,0.7424,0.3079,0.3182,0.35,0.3333,AnnThyroid,D,VAE,0.09090909090909091,1100,100
0.4415,0.7448,0.4222,0.4273,0.47,0.4476,NSL-KDD,D,SO_GAAL,0.09090909090909091,2200,200
0.5581,0.9467,0.5618,0.5045,0.555,0.5286,NSL-KDD,C,DeepSVDD,0.09090909090909091,2200,200
0.8744,0.9452,0.8721,0.7636,0.84,0.8,CreditCard,A,DAGMM,0.09090909090909091,2200,200
0.1454,0.677,0.147,0.1818,0.2,0.1905,NSL-KDD,C,DAGMM,0.09090909090909091,2200,200
0.9036,0.9692,0.9038,0.8182,0.9,0.8571,CreditCard,C,FTTransformer,0.09090909090909091,2200,200
0.3391,0.7649,0.3424,0.3364,0.37,0.3524,AnnThyroid,C,VAE,0.09090909090909091,1100,100
0.1208,0.7729,0.1274,0.1429,0.3261,0.1987,EmailSpam-bert,D,AE,0.04397705544933078,1046,46
0.7119,0.9429,0.7182,0.6727,0.74,0.7048,CreditCard,D,VAE,0.09090909090909091,2200,200
0.1484,0.8238,0.1559,0.1619,0.3696,0.2252,EmailSpam-bert,B,DeepSVDD,0.04397705544933078,1046,46
0.8785,0.9873,0.8794,0.4095,0.9348,0.5695,EmailSpam-bert,A,FEAWAD,0.04397705544933078,1046,46
0.1636,0.6338,0.1675,0.2,0.22,0.2095,AnnThyroid,D,DeepSVDD,0.09090909090909091,1100,100
0.445,0.8289,0.447,0.3455,0.38,0.3619,AnnThyroid,A,DeepSVDD,0.09090909090909091,1100,100
0.7184,0.9255,0.5278,0.5631,0.87,0.6837,CreditCard,B,SO_GAAL,0.09090909090909091,2200,200
0.8832,0.9723,0.886,0.8227,0.905,0.8619,CreditCard,B,FEAWAD,0.09090909090909091,2200,200
0.561,0.9014,0.5678,0.5909,0.65,0.619,CreditCard,C,LUNAR,0.09090909090909091,2200,200
0.8524,0.9876,0.8535,0.7818,0.86,0.819,AnnThyroid,B,FTTransformer,0.09090909090909091,1100,100
0.9413,0.9687,0.9413,0.8318,0.915,0.8714,CreditCard,B,DevNet,0.09090909090909091,2200,200
0.7219,0.917,0.5513,0.6035,0.86,0.7093,CreditCard,C,SO_GAAL,0.09090909090909091,2200,200
0.8595,0.9418,0.8597,0.7455,0.82,0.781,CreditCard,B,GANoma,0.09090909090909091,2200,200
0.6415,0.9205,0.6436,0.5182,0.57,0.5429,NSL-KDD,B,LUNAR,0.09090909090909091,2200,200
0.8622,0.935,0.8629,0.4,0.913,0.5563,EmailSpam-bert,C,DevNet,0.04397705544933078,1046,46
0.0501,0.5707,0.0526,0.0571,0.1304,0.0795,EmailSpam-bert,D,DeepSVDD,0.04397705544933078,1046,46
0.8748,0.9734,0.8773,0.8455,0.93,0.8857,NSL-KDD,A,FEAWAD,0.09090909090909091,2200,200
0.1474,0.6498,0.1502,0.1182,0.13,0.1238,AnnThyroid,B,GANoma,0.09090909090909091,1100,100
0.7212,0.9441,0.7232,0.6682,0.735,0.7,CreditCard,C,DeepSVDD,0.09090909090909091,2200,200
0.8512,0.9691,0.8539,0.8091,0.89,0.8476,CreditCard,C,FEAWAD,0.09090909090909091,2200,200
0.1237,0.6154,0.127,0.1182,0.13,0.1238,AnnThyroid,C,GANoma,0.09090909090909091,1100,100
0.6411,0.868,0.6161,0.6,0.66,0.6286,NSL-KDD,B,SO_GAAL,0.09090909090909091,2200,200
0.7344,0.8901,0.7348,0.6318,0.695,0.6619,CreditCard,B,DAGMM,0.09090909090909091,2200,200
0.8499,0.9865,0.851,0.4,0.913,0.5563,EmailSpam-bert,C,FEAWAD,0.04397705544933078,1046,46
0.3973,0.841,0.4009,0.3818,0.42,0.4,AnnThyroid,A,AE,0.09090909090909091,1100,100
0.7403,0.9482,0.7452,0.7091,0.78,0.7429,CreditCard,C,VAE,0.09090909090909091,2200,200
0.9687,0.9927,0.9688,0.8636,0.95,0.9048,NSL-KDD,A,FTTransformer,0.09090909090909091,2200,200
0.8195,0.9733,0.82,0.7318,0.805,0.7667,NSL-KDD,B,VAE,0.09090909090909091,2200,200
0.6784,0.9221,0.6849,0.6773,0.745,0.7095,CreditCard,B,DeepSVDD,0.09090909090909091,2200,200
0.2798,0.7825,0.2865,0.3273,0.36,0.3429,AnnThyroid,C,LUNAR,0.09090909090909091,1100,100
0.1372,0.6078,0.1413,0.1727,0.19,0.181,AnnThyroid,D,GANoma,0.09090909090909091,1100,100
0.9598,0.9816,0.9599,0.8545,0.94,0.8952,NSL-KDD,B,DevNet,0.09090909090909091,2200,200
0.8659,0.9739,0.8672,0.419,0.9565,0.5828,EmailSpam-bert,A,DevNet,0.04397705544933078,1046,46
0.8519,0.9881,0.853,0.7818,0.86,0.819,AnnThyroid,A,DevNet,0.09090909090909091,1100,100
0.2539,0.7446,0.2595,0.3,0.33,0.3143,AnnThyroid,D,LUNAR,0.09090909090909091,1100,100
0.1359,0.8132,0.1428,0.1619,0.3696,0.2252,EmailSpam-bert,A,AE,0.04397705544933078,1046,46
0.7398,0.9649,0.7404,0.5818,0.64,0.6095,NSL-KDD,B,AE,0.09090909090909091,2200,200
0.8557,0.9885,0.8568,0.7818,0.86,0.819,AnnThyroid,B,DevNet,0.09090909090909091,1100,100
0.078,0.5593,0.0854,0.1038,0.2391,0.1447,EmailSpam-bert,D,SO_GAAL,0.04397705544933078,1046,46
0.1005,0.7351,0.106,0.1429,0.3261,0.1987,EmailSpam-bert,A,GANoma,0.04397705544933078,1046,46
0.8405,0.9878,0.8424,0.8091,0.89,0.8476,AnnThyroid,D,FTTransformer,0.09090909090909091,1100,100
0.944,0.9768,0.9441,0.8318,0.915,0.8714,CreditCard,C,DevNet,0.09090909090909091,2200,200
0.0615,0.597,0.0641,0.0943,0.2174,0.1316,EmailSpam-bert,B,SO_GAAL,0.04397705544933078,1046,46
0.0948,0.7175,0.0995,0.1238,0.2826,0.1722,EmailSpam-bert,B,GANoma,0.04397705544933078,1046,46
0.7608,0.9285,0.636,0.7017,0.835,0.7626,CreditCard,D,SO_GAAL,0.09090909090909091,2200,200
0.8076,0.9491,0.8081,0.6955,0.765,0.7286,CreditCard,D,GANoma,0.09090909090909091,2200,200
0.3507,0.7875,0.3549,0.35,0.385,0.3667,CreditCard,C,GANoma,0.09090909090909091,2200,200
0.4593,0.8652,0.4619,0.3864,0.425,0.4048,NSL-KDD,C,LUNAR,0.09090909090909091,2200,200
0.0933,0.4969,0.0961,0.1091,0.12,0.1143,AnnThyroid,C,DAGMM,0.09090909090909091,1100,100
0.6412,0.955,0.6454,0.6636,0.73,0.6952,NSL-KDD,A,DeepSVDD,0.09090909090909091,2200,200
0.7276,0.963,0.7285,0.6773,0.745,0.7095,NSL-KDD,D,VAE,0.09090909090909091,2200,200
0.6856,0.9657,0.6881,0.7364,0.81,0.7714,NSL-KDD,A,GANoma,0.09090909090909091,2200,200
0.7186,0.9639,0.7211,0.7227,0.795,0.7571,NSL-KDD,B,DeepSVDD,0.09090909090909091,2200,200
0.141,0.814,0.148,0.1619,0.3696,0.2252,EmailSpam-bert,B,AE,0.04397705544933078,1046,46
0.2931,0.7703,0.2982,0.3364,0.37,0.3524,AnnThyroid,B,LUNAR,0.09090909090909091,1100,100
0.7078,0.9223,0.7106,0.3619,0.8261,0.5033,EmailSpam-bert,D,DevNet,0.04397705544933078,1046,46
0.09,0.5025,0.0919,0.0571,0.1304,0.0795,EmailSpam-bert,D,DAGMM,0.04397705544933078,1046,46
0.962,0.9885,0.962,0.85,0.935,0.8905,NSL-KDD,B,FTTransformer,0.09090909090909091,2200,200
0.4655,0.8815,0.4691,0.5455,0.6,0.5714,CreditCard,D,LUNAR,0.09090909090909091,2200,200
0.4202,0.804,0.4221,0.3545,0.39,0.3714,AnnThyroid,B,DeepSVDD,0.09090909090909091,1100,100
0.8768,0.9917,0.8779,0.4286,0.9783,0.596,EmailSpam-bert,D,FEAWAD,0.04397705544933078,1046,46
0.0988,0.7188,0.1062,0.1143,0.2609,0.1589,EmailSpam-bert,D,GANoma,0.04397705544933078,1046,46
0.8306,0.9771,0.8317,0.7182,0.79,0.7524,AnnThyroid,B,FEAWAD,0.09090909090909091,1100,100
0.1003,0.7835,0.1051,0.1238,0.2826,0.1722,EmailSpam-bert,D,VAE,0.04397705544933078,1046,46
0.4017,0.7984,0.404,0.3455,0.38,0.3619,AnnThyroid,B,VAE,0.09090909090909091,1100,100
0.8812,0.99,0.8822,0.4286,0.9783,0.596,EmailSpam-bert,B,DevNet,0.04397705544933078,1046,46
0.6162,0.9335,0.6172,0.5227,0.575,0.5476,NSL-KDD,D,AE,0.09090909090909091,2200,200
0.7123,0.9495,0.7191,0.7182,0.79,0.7524,CreditCard,A,AE,0.09090909090909091,2200,200
0.7678,0.9811,0.775,0.3905,0.8913,0.543,EmailSpam-bert,C,FTTransformer,0.04397705544933078,1046,46
0.709,0.9014,0.6918,0.7014,0.775,0.7363,NSL-KDD,C,SO_GAAL,0.09090909090909091,2200,200
0.1251,0.8051,0.1317,0.1333,0.3043,0.1854,EmailSpam-bert,D,LUNAR,0.04397705544933078,1046,46
0.7421,0.9558,0.7439,0.6909,0.76,0.7238,AnnThyroid,A,FEAWAD,0.09090909090909091,1100,100
0.7685,0.9836,0.7709,0.8227,0.905,0.8619,NSL-KDD,D,FEAWAD,0.09090909090909091,2200,200
0.035,0.4152,0.0364,0.0286,0.0652,0.0397,EmailSpam-bert,B,DAGMM,0.04397705544933078,1046,46
0.1028,0.7885,0.1078,0.1238,0.2826,0.1722,EmailSpam-bert,C,VAE,0.04397705544933078,1046,46
0.3799,0.8892,0.383,0.5364,0.59,0.5619,NSL-KDD,A,DAGMM,0.09090909090909091,2200,200
0.8577,0.9886,0.8588,0.7818,0.86,0.819,AnnThyroid,C,DevNet,0.09090909090909091,1100,100
0.2905,0.6624,0.1736,0.2441,0.31,0.2731,AnnThyroid,A,SO_GAAL,0.09090909090909091,1100,100
0.1607,0.8539,0.1686,0.1619,0.3696,0.2252,EmailSpam-bert,A,LUNAR,0.04397705544933078,1046,46
0.0604,0.6152,0.0632,0.0667,0.1522,0.0927,EmailSpam-bert,A,DAGMM,0.04397705544933078,1046,46
0.4129,0.8042,0.415,0.3636,0.4,0.381,AnnThyroid,A,VAE,0.09090909090909091,1100,100
0.7377,0.9723,0.7404,0.8455,0.93,0.8857,NSL-KDD,B,FEAWAD,0.09090909090909091,2200,200
0.1306,0.797,0.1374,0.1524,0.3478,0.2119,EmailSpam-bert,C,AE,0.04397705544933078,1046,46
0.1507,0.8404,0.1579,0.1524,0.3478,0.2119,EmailSpam-bert,B,LUNAR,0.04397705544933078,1046,46
0.7807,0.9712,0.7812,0.6864,0.755,0.719,NSL-KDD,A,AE,0.09090909090909091,2200,200
0.1615,0.5927,0.1608,0.2455,0.27,0.2571,AnnThyroid,B,DAGMM,0.09090909090909091,1100,100
0.7331,0.9427,0.7391,0.7091,0.78,0.7429,CreditCard,D,DeepSVDD,0.09090909090909091,2200,200
0.0953,0.6754,0.0893,0.1038,0.2391,0.1447,EmailSpam-bert,C,SO_GAAL,0.04397705544933078,1046,46
0.4426,0.9179,0.4455,0.5364,0.59,0.5619,NSL-KDD,B,DAGMM,0.09090909090909091,2200,200
0.153,0.6063,0.1557,0.1818,0.2,0.1905,AnnThyroid,D,DAGMM,0.09090909090909091,1100,100
0.9071,0.9715,0.9098,0.8227,0.905,0.8619,CreditCard,A,FEAWAD,0.09090909090909091,2200,200
0.1856,0.629,0.1905,0.2227,0.245,0.2333,CreditCard,D,DAGMM,0.09090909090909091,2200,200
0.8331,0.9804,0.8341,0.3714,0.8478,0.5166,EmailSpam-bert,D,FTTransformer,0.04397705544933078,1046,46
0.2995,0.679,0.1729,0.234,0.33,0.2739,AnnThyroid,C,SO_GAAL,0.09090909090909091,1100,100
0.0958,0.5478,0.0974,0.0636,0.07,0.0667,AnnThyroid,A,DAGMM,0.09090909090909091,1100,100
0.6857,0.9369,0.6908,0.6545,0.72,0.6857,CreditCard,B,AE,0.09090909090909091,2200,200
0.8201,0.9856,0.8222,0.7727,0.85,0.8095,AnnThyroid,C,FTTransformer,0.09090909090909091,1100,100
0.4759,0.9131,0.4784,0.6,0.66,0.6286,NSL-KDD,D,DAGMM,0.09090909090909091,2200,200
0.8345,0.9865,0.836,0.7545,0.83,0.7905,AnnThyroid,A,FTTransformer,0.09090909090909091,1100,100
0.8236,0.9722,0.8241,0.7318,0.805,0.7667,NSL-KDD,A,VAE,0.09090909090909091,2200,200
0.3615,0.8191,0.3648,0.3364,0.37,0.3524,AnnThyroid,C,AE,0.09090909090909091,1100,100
0.7603,0.966,0.7621,0.7091,0.78,0.7429,AnnThyroid,C,FEAWAD,0.09090909090909091,1100,100
0.0367,0.4298,0.0385,0.0381,0.087,0.053,EmailSpam-bert,C,DAGMM,0.04397705544933078,1046,46
0.96,0.9779,0.96,0.8545,0.94,0.8952,NSL-KDD,A,DevNet,0.09090909090909091,2200,200
0.141,0.6194,0.1441,0.2273,0.25,0.2381,AnnThyroid,A,GANoma,0.09090909090909091,1100,100
0.6662,0.9521,0.6687,0.7182,0.79,0.7524,NSL-KDD,B,GANoma,0.09090909090909091,2200,200
0.7859,0.9847,0.7878,0.4095,0.9348,0.5695,EmailSpam-bert,B,FEAWAD,0.04397705544933078,1046,46
0.2618,0.8599,0.2642,0.1864,0.205,0.1952,NSL-KDD,D,GANoma,0.09090909090909091,2200,200
0.8798,0.9674,0.8802,0.7773,0.855,0.8143,NSL-KDD,D,FTTransformer,0.09090909090909091,2200,200
0.9422,0.9691,0.9422,0.8409,0.925,0.881,NSL-KDD,C,FTTransformer,0.09090909090909091,2200,200
0.7412,0.9492,0.7472,0.7182,0.79,0.7524,CreditCard,A,LUNAR,0.09090909090909091,2200,200
0.8379,0.987,0.8402,0.419,0.9565,0.5828,EmailSpam-bert,A,FTTransformer,0.04397705544933078,1046,46
0.6847,0.9514,0.6854,0.5318,0.585,0.5571,NSL-KDD,C,AE,0.09090909090909091,2200,200
0.9348,0.969,0.9349,0.8318,0.915,0.8714,CreditCard,A,DevNet,0.09090909090909091,2200,200
0.9635,0.9843,0.9635,0.8545,0.94,0.8952,NSL-KDD,C,DevNet,0.09090909090909091,2200,200
0.1341,0.8232,0.1405,0.1524,0.3478,0.2119,EmailSpam-bert,C,LUNAR,0.04397705544933078,1046,46
0.5339,0.9139,0.5416,0.5636,0.62,0.5905,CreditCard,D,AE,0.09090909090909091,2200,200
0.3286,0.7772,0.3328,0.3273,0.36,0.3429,AnnThyroid,A,LUNAR,0.09090909090909091,1100,100
0.8502,0.9033,0.8503,0.75,0.825,0.7857,CreditCard,A,GANoma,0.09090909090909091,2200,200
0.2693,0.6969,0.2732,0.2727,0.3,0.2857,AnnThyroid,C,DeepSVDD,0.09090909090909091,1100,100
0.8575,0.985,0.8584,0.3905,0.8913,0.543,EmailSpam-bert,B,FTTransformer,0.04397705544933078,1046,46
0.0975,0.666,0.1024,0.1238,0.2826,0.1722,EmailSpam-bert,A,SO_GAAL,0.04397705544933078,1046,46
0.6168,0.9468,0.6193,0.7,0.77,0.7333,NSL-KDD,C,GANoma,0.09090909090909091,2200,200
0.7262,0.9101,0.725,0.6636,0.73,0.6952,CreditCard,C,DAGMM,0.09090909090909091,2200,200
0.932,0.9728,0.9321,0.8182,0.9,0.8571,CreditCard,B,FTTransformer,0.09090909090909091,2200,200
0.5859,0.9398,0.5897,0.5409,0.595,0.5667,NSL-KDD,D,DeepSVDD,0.09090909090909091,2200,200
0.7631,0.9515,0.7679,0.7318,0.805,0.7667,CreditCard,B,VAE,0.09090909090909091,2200,200
0.8458,0.9879,0.8469,0.7818,0.86,0.819,AnnThyroid,D,DevNet,0.09090909090909091,1100,100
0.6574,0.8523,0.6179,0.6773,0.745,0.7095,NSL-KDD,A,SO_GAAL,0.09090909090909091,2200,200
0.2273,0.5824,0.1414,0.1935,0.24,0.2143,AnnThyroid,B,SO_GAAL,0.09090909090909091,1100,100
0.1063,0.7975,0.1113,0.1238,0.2826,0.1722,EmailSpam-bert,A,VAE,0.04397705544933078,1046,46
0.2465,0.7552,0.2505,0.2455,0.27,0.2571,AnnThyroid,D,AE,0.09090909090909091,1100,100
0.5966,0.9402,0.6036,0.6636,0.73,0.6952,AnnThyroid,D,FEAWAD,0.09090909090909091,1100,100
0.9568,0.9732,0.9569,0.8545,0.94,0.8952,NSL-KDD,D,DevNet,0.09090909090909091,2200,200
0.3379,0.805,0.3406,0.3091,0.34,0.3238,NSL-KDD,D,LUNAR,0.09090909090909091,2200,200
0.3122,0.7076,0.2127,0.2713,0.35,0.3057,AnnThyroid,D,SO_GAAL,0.09090909090909091,1100,100
0.6916,0.9109,0.4941,0.5363,0.85,0.6576,CreditCard,A,SO_GAAL,0.09090909090909091,2200,200
0.6956,0.9753,0.6983,0.7955,0.875,0.8333,NSL-KDD,C,FEAWAD,0.09090909090909091,2200,200
0.7835,0.9534,0.7881,0.7545,0.83,0.7905,CreditCard,A,VAE,0.09090909090909091,2200,200
0.9409,0.9713,0.9409,0.8273,0.91,0.8667,CreditCard,A,FTTransformer,0.09090909090909091,2200,200
0.0995,0.6353,0.1036,0.1048,0.2391,0.1457,EmailSpam-bert,A,DeepSVDD,0.04397705544933078,1046,46
0.6704,0.9379,0.6724,0.6364,0.7,0.6667,CreditCard,A,DeepSVDD,0.09090909090909091,2200,200
0.5822,0.9188,0.588,0.6091,0.67,0.6381,CreditCard,C,AE,0.09090909090909091,2200,200
0.6908,0.9387,0.6925,0.6955,0.765,0.7286,CreditCard,B,LUNAR,0.09090909090909091,2200,200
0.9415,0.9776,0.9416,0.8136,0.895,0.8524,CreditCard,D,DevNet,0.09090909090909091,2200,200
0.1261,0.7824,0.133,0.1524,0.3478,0.2119,EmailSpam-bert,C,DeepSVDD,0.04397705544933078,1046,46
0.8988,0.9702,0.899,0.8091,0.89,0.8476,CreditCard,D,FTTransformer,0.09090909090909091,2200,200
0.8437,0.9663,0.8467,0.7964,0.88,0.8361,CreditCard,D,FEAWAD,0.09090909090909091,2200,200
0.0938,0.6988,0.0991,0.1238,0.2826,0.1722,EmailSpam-bert,C,GANoma,0.04397705544933078,1046,46
0.1044,0.795,0.1093,0.1238,0.2826,0.1722,EmailSpam-bert,B,VAE,0.04397705544933078,1046,46
0.7729,0.9672,0.7736,0.7182,0.79,0.7524,NSL-KDD,C,VAE,0.09090909090909091,2200,200
0.3624,0.7312,0.3641,0.2909,0.32,0.3048,AnnThyroid,B,AE,0.09090909090909091,1100,100
0.6768,0.9324,0.6788,0.5455,0.6,0.5714,NSL-KDD,A,LUNAR,0.09090909090909091,2200,200
0.3086,0.7457,0.3127,0.3364,0.37,0.3524,AnnThyroid,D,VAE,0.09090909090909091,1100,100
0.478,0.7632,0.4573,0.4227,0.465,0.4429,NSL-KDD,D,SO_GAAL,0.09090909090909091,2200,200
0.6333,0.9527,0.635,0.65,0.715,0.681,NSL-KDD,C,DeepSVDD,0.09090909090909091,2200,200
0.5835,0.8619,0.5808,0.5227,0.575,0.5476,CreditCard,A,DAGMM,0.09090909090909091,2200,200
0.3521,0.888,0.355,0.3591,0.395,0.3762,NSL-KDD,C,DAGMM,0.09090909090909091,2200,200
0.9106,0.9641,0.9108,0.8136,0.895,0.8524,CreditCard,C,FTTransformer,0.09090909090909091,2200,200
0.3336,0.7585,0.337,0.3273,0.36,0.3429,AnnThyroid,C,VAE,0.09090909090909091,1100,100
0.125,0.7903,0.1322,0.1429,0.3261,0.1987,EmailSpam-bert,D,AE,0.04397705544933078,1046,46
0.7159,0.9442,0.7221,0.6773,0.745,0.7095,CreditCard,D,VAE,0.09090909090909091,2200,200
0.0498,0.5559,0.052,0.0476,0.1087,0.0662,EmailSpam-bert,B,DeepSVDD,0.04397705544933078,1046,46
0.7167,0.9835,0.7242,0.419,0.9565,0.5828,EmailSpam-bert,A,FEAWAD,0.04397705544933078,1046,46
0.2498,0.7193,0.254,0.2636,0.29,0.2762,AnnThyroid,D,DeepSVDD,0.09090909090909091,1100,100
0.3731,0.7977,0.3757,0.3455,0.38,0.3619,AnnThyroid,A,DeepSVDD,0.09090909090909091,1100,100
0.7714,0.9456,0.6139,0.6473,0.89,0.7495,CreditCard,B,SO_GAAL,0.09090909090909091,2200,200
0.8787,0.9584,0.879,0.8,0.88,0.8381,CreditCard,B,FEAWAD,0.09090909090909091,2200,200
0.5952,0.9246,0.6018,0.6227,0.685,0.6524,CreditCard,C,LUNAR,0.09090909090909091,2200,200
0.8308,0.9857,0.8323,0.7273,0.8,0.7619,AnnThyroid,B,FTTransformer,0.09090909090909091,1100,100
0.9396,0.9679,0.9397,0.8318,0.915,0.8714,CreditCard,B,DevNet,0.09090909090909091,2200,200
0.7202,0.9206,0.5555,0.6073,0.835,0.7032,CreditCard,C,SO_GAAL,0.09090909090909091,2200,200
0.6573,0.9146,0.6581,0.5727,0.63,0.6,CreditCard,B,GANoma,0.09090909090909091,2200,200
0.6315,0.911,0.6336,0.5227,0.575,0.5476,NSL-KDD,B,LUNAR,0.09090909090909091,2200,200
0.8142,0.94,0.815,0.3714,0.8478,0.5166,EmailSpam-bert,C,DevNet,0.04397705544933078,1046,46
0.0456,0.5439,0.0474,0.0381,0.087,0.053,EmailSpam-bert,D,DeepSVDD,0.04397705544933078,1046,46
0.716,0.9694,0.7188,0.8318,0.915,0.8714,NSL-KDD,A,FEAWAD,0.09090909090909091,2200,200
0.1158,0.5755,0.1183,0.1545,0.17,0.1619,AnnThyroid,B,GANoma,0.09090909090909091,1100,100
0.7168,0.9229,0.7191,0.6636,0.73,0.6952,CreditCard,C,DeepSVDD,0.09090909090909091,2200,200
0.8788,0.9718,0.8806,0.7955,0.875,0.8333,CreditCard,C,FEAWAD,0.09090909090909091,2200,200
0.1271,0.5577,0.1333,0.1455,0.16,0.1524,AnnThyroid,C,GANoma,0.09090909090909091,1100,100
0.5856,0.8196,0.564,0.5339,0.59,0.5606,NSL-KDD,B,SO_GAAL,0.09090909090909091,2200,200
0.5266,0.8129,0.5275,0.4773,0.525,0.5,CreditCard,B,DAGMM,0.09090909090909091,2200,200
0.6652,0.97,0.6717,0.381,0.8696,0.5298,EmailSpam-bert,C,FEAWAD,0.04397705544933078,1046,46
0.4153,0.8369,0.4182,0.3545,0.39,0.3714,AnnThyroid,A,AE,0.09090909090909091,1100,100
0.7353,0.9474,0.7402,0.6955,0.765,0.7286,CreditCard,C,VAE,0.09090909090909091,2200,200
0.97,0.992,0.97,0.8682,0.955,0.9095,NSL-KDD,A,FTTransformer,0.09090909090909091,2200,200
0.8212,0.9726,0.8217,0.7318,0.805,0.7667,NSL-KDD,B,VAE,0.09090909090909091,2200,200
0.7502,0.9587,0.7545,0.7091,0.78,0.7429,CreditCard,B,DeepSVDD,0.09090909090909091,2200,200
0.2397,0.7547,0.2453,0.2909,0.32,0.3048,AnnThyroid,C,LUNAR,0.09090909090909091,1100,100
0.326,0.7315,0.3323,0.3364,0.37,0.3524,AnnThyroid,D,GANoma,0.09090909090909091,1100,100
0.9642,0.9838,0.9642,0.8545,0.94,0.8952,NSL-KDD,B,DevNet,0.09090909090909091,2200,200
0.8735,0.9725,0.8746,0.419,0.9565,0.5828,EmailSpam-bert,A,DevNet,0.04397705544933078,1046,46
0.8654,0.9891,0.8664,0.7818,0.86,0.819,AnnThyroid,A,DevNet,0.09090909090909091,1100,100
0.2562,0.7645,0.2621,0.2909,0.32,0.3048,AnnThyroid,D,LUNAR,0.09090909090909091,1100,100
0.1416,0.8196,0.1485,0.1429,0.3261,0.1987,EmailSpam-bert,A,AE,0.04397705544933078,1046,46
0.744,0.9652,0.7446,0.5727,0.63,0.6,NSL-KDD,B,AE,0.09090909090909091,2200,200
0.8565,0.9885,0.8576,0.7818,0.86,0.819,AnnThyroid,B,DevNet,0.09090909090909091,1100,100
0.111,0.6473,0.1113,0.1038,0.2391,0.1447,EmailSpam-bert,D,SO_GAAL,0.04397705544933078,1046,46
0.0938,0.7189,0.0998,0.1238,0.2826,0.1722,EmailSpam-bert,A,GANoma,0.04397705544933078,1046,46
0.8268,0.9878,0.8292,0.7909,0.87,0.8286,AnnThyroid,D,FTTransformer,0.09090909090909091,1100,100
0.9404,0.9742,0.9405,0.8318,0.915,0.8714,CreditCard,C,DevNet,0.09090909090909091,2200,200
0.1363,0.7487,0.1426,0.1792,0.413,0.25,EmailSpam-bert,B,SO_GAAL,0.04397705544933078,1046,46
0.1144,0.7073,0.1184,0.1429,0.3261,0.1987,EmailSpam-bert,B,GANoma,0.04397705544933078,1046,46
0.7207,0.9183,0.5514,0.6014,0.845,0.7027,CreditCard,D,SO_GAAL,0.09090909090909091,2200,200
0.8832,0.943,0.8833,0.7591,0.835,0.7952,CreditCard,D,GANoma,0.09090909090909091,2200,200
0.4132,0.8335,0.4171,0.4091,0.45,0.4286,CreditCard,C,GANoma,0.09090909090909091,2200,200
0.4779,0.8753,0.4806,0.4091,0.45,0.4286,NSL-KDD,C,LUNAR,0.09090909090909091,2200,200
0.1162,0.5016,0.1221,0.1364,0.15,0.1429,AnnThyroid,C,DAGMM,0.09090909090909091,1100,100
0.6375,0.9668,0.6412,0.7,0.77,0.7333,NSL-KDD,A,DeepSVDD,0.09090909090909091,2200,200
0.7244,0.963,0.7253,0.6818,0.75,0.7143,NSL-KDD,D,VAE,0.09090909090909091,2200,200
0.6845,0.9608,0.687,0.7409,0.815,0.7762,NSL-KDD,A,GANoma,0.09090909090909091,2200,200
0.564,0.9466,0.5679,0.6727,0.74,0.7048,NSL-KDD,B,DeepSVDD,0.09090909090909091,2200,200
0.1343,0.815,0.1409,0.1429,0.3261,0.1987,EmailSpam-bert,B,AE,0.04397705544933078,1046,46
0.2814,0.7745,0.2865,0.3091,0.34,0.3238,AnnThyroid,B,LUNAR,0.09090909090909091,1100,100
0.8152,0.9598,0.8165,0.4,0.913,0.5563,EmailSpam-bert,D,DevNet,0.04397705544933078,1046,46
0.0438,0.5033,0.0461,0.0476,0.1087,0.0662,EmailSpam-bert,D,DAGMM,0.04397705544933078,1046,46
0.9421,0.9845,0.9422,0.85,0.935,0.8905,NSL-KDD,B,FTTransformer,0.09090909090909091,2200,200
0.4558,0.8815,0.4597,0.5182,0.57,0.5429,CreditCard,D,LUNAR,0.09090909090909091,2200,200
0.5369,0.8723,0.5384,0.4273,0.47,0.4476,AnnThyroid,B,DeepSVDD,0.09090909090909091,1100,100
0.8261,0.9874,0.8275,0.4095,0.9348,0.5695,EmailSpam-bert,D,FEAWAD,0.04397705544933078,1046,46
0.0936,0.7049,0.1031,0.1048,0.2391,0.1457,EmailSpam-bert,D,GANoma,0.04397705544933078,1046,46
0.7553,0.953,0.7568,0.7182,0.79,0.7524,AnnThyroid,B,FEAWAD,0.09090909090909091,1100,100
0.0999,0.7823,0.1047,0.1238,0.2826,0.1722,EmailSpam-bert,D,VAE,0.04397705544933078,1046,46
0.4092,0.806,0.4115,0.3545,0.39,0.3714,AnnThyroid,B,VAE,0.09090909090909091,1100,100
0.8419,0.9711,0.8435,0.419,0.9565,0.5828,EmailSpam-bert,B,DevNet,0.04397705544933078,1046,46
0.6393,0.9433,0.6402,0.5136,0.565,0.5381,NSL-KDD,D,AE,0.09090909090909091,2200,200
0.7097,0.9431,0.7165,0.7227,0.795,0.7571,CreditCard,A,AE,0.09090909090909091,2200,200
0.8299,0.9883,0.8324,0.4095,0.9348,0.5695,EmailSpam-bert,C,FTTransformer,0.04397705544933078,1046,46
0.5272,0.7821,0.5043,0.4909,0.54,0.5143,NSL-KDD,C,SO_GAAL,0.09090909090909091,2200,200
0.1257,0.8091,0.132,0.1333,0.3043,0.1854,EmailSpam-bert,D,LUNAR,0.04397705544933078,1046,46
0.8178,0.9793,0.8194,0.7636,0.84,0.8,AnnThyroid,A,FEAWAD,0.09090909090909091,1100,100
0.8522,0.966,0.8551,0.7909,0.87,0.8286,NSL-KDD,D,FEAWAD,0.09090909090909091,2200,200
0.0505,0.5536,0.0531,0.0571,0.1304,0.0795,EmailSpam-bert,B,DAGMM,0.04397705544933078,1046,46
0.1031,0.7903,0.108,0.1238,0.2826,0.1722,EmailSpam-bert,C,VAE,0.04397705544933078,1046,46
0.5683,0.9293,0.571,0.6455,0.71,0.6762,NSL-KDD,A,DAGMM,0.09090909090909091,2200,200
0.8609,0.9885,0.862,0.7909,0.87,0.8286,AnnThyroid,C,DevNet,0.09090909090909091,1100,100
0.3064,0.6388,0.1463,0.1789,0.39,0.2453,AnnThyroid,A,SO_GAAL,0.09090909090909091,1100,100
0.1486,0.8443,0.1553,0.1619,0.3696,0.2252,EmailSpam-bert,A,LUNAR,0.04397705544933078,1046,46
0.061,0.5605,0.0672,0.0762,0.1739,0.106,EmailSpam-bert,A,DAGMM,0.04397705544933078,1046,46
0.4147,0.806,0.4169,0.3636,0.4,0.381,AnnThyroid,A,VAE,0.09090909090909091,1100,100
0.6921,0.9767,0.6945,0.8409,0.925,0.881,NSL-KDD,B,FEAWAD,0.09090909090909091,2200,200
0.1268,0.7907,0.1338,0.1429,0.3261,0.1987,EmailSpam-bert,C,AE,0.04397705544933078,1046,46
0.1383,0.8294,0.1448,0.1524,0.3478,0.2119,EmailSpam-bert,B,LUNAR,0.04397705544933078,1046,46
0.7834,0.9719,0.784,0.7045,0.775,0.7381,NSL-KDD,A,AE,0.09090909090909091,2200,200
0.2846,0.7195,0.2828,0.3091,0.34,0.3238,AnnThyroid,B,DAGMM,0.09090909090909091,1100,100
0.5644,0.9135,0.5702,0.5727,0.63,0.6,CreditCard,D,DeepSVDD,0.09090909090909091,2200,200
0.0408,0.4683,0.043,0.0286,0.0652,0.0397,EmailSpam-bert,C,SO_GAAL,0.04397705544933078,1046,46
0.246,0.8449,0.2484,0.2318,0.255,0.2429,NSL-KDD,B,DAGMM,0.09090909090909091,2200,200
0.1482,0.4734,0.1479,0.1364,0.15,0.1429,AnnThyroid,D,DAGMM,0.09090909090909091,1100,100
0.9248,0.972,0.9249,0.8182,0.9,0.8571,CreditCard,A,FEAWAD,0.09090909090909091,2200,200
0.3259,0.6454,0.3248,0.3182,0.35,0.3333,CreditCard,D,DAGMM,0.09090909090909091,2200,200
0.8067,0.9695,0.8082,0.381,0.8696,0.5298,EmailSpam-bert,D,FTTransformer,0.04397705544933078,1046,46
0.2494,0.6292,0.1582,0.2266,0.29,0.2544,AnnThyroid,C,SO_GAAL,0.09090909090909091,1100,100
0.2383,0.5891,0.241,0.2545,0.28,0.2667,AnnThyroid,A,DAGMM,0.09090909090909091,1100,100
0.7227,0.9504,0.7293,0.6864,0.755,0.719,CreditCard,B,AE,0.09090909090909091,2200,200
0.7692,0.9843,0.7758,0.7455,0.82,0.781,AnnThyroid,C,FTTransformer,0.09090909090909091,1100,100
0.2395,0.8487,0.2418,0.1955,0.215,0.2048,NSL-KDD,D,DAGMM,0.09090909090909091,2200,200
0.8483,0.9884,0.8501,0.7818,0.86,0.819,AnnThyroid,A,FTTransformer,0.09090909090909091,1100,100
0.8257,0.9729,0.8261,0.7273,0.8,0.7619,NSL-KDD,A,VAE,0.09090909090909091,2200,200
0.3627,0.7598,0.3647,0.3455,0.38,0.3619,AnnThyroid,C,AE,0.09090909090909091,1100,100
0.7645,0.9657,0.7665,0.7,0.77,0.7333,AnnThyroid,C,FEAWAD,0.09090909090909091,1100,100
0.052,0.4497,0.0605,0.0476,0.1087,0.0662,EmailSpam-bert,C,DAGMM,0.04397705544933078,1046,46
0.9574,0.9735,0.9574,0.8545,0.94,0.8952,NSL-KDD,A,DevNet,0.09090909090909091,2200,200
0.1052,0.5704,0.1074,0.1,0.11,0.1048,AnnThyroid,A,GANoma,0.09090909090909091,1100,100
0.7041,0.9713,0.7065,0.7545,0.83,0.7905,NSL-KDD,B,GANoma,0.09090909090909091,2200,200
0.8217,0.9865,0.8237,0.4095,0.9348,0.5695,EmailSpam-bert,B,FEAWAD,0.04397705544933078,1046,46
0.3151,0.8822,0.3175,0.3227,0.355,0.3381,NSL-KDD,D,GANoma,0.09090909090909091,2200,200
0.9231,0.984,0.924,0.8182,0.9,0.8571,NSL-KDD,D,FTTransformer,0.09090909090909091,2200,200
0.9486,0.9847,0.9487,0.85,0.935,0.8905,NSL-KDD,C,FTTransformer,0.09090909090909091,2200,200
0.7524,0.9493,0.7538,0.7182,0.79,0.7524,CreditCard,A,LUNAR,0.09090909090909091,2200,200
0.8494,0.9513,0.8502,0.3905,0.8913,0.543,EmailSpam-bert,A,FTTransformer,0.04397705544933078,1046,46
0.7056,0.9593,0.7063,0.5364,0.59,0.5619,NSL-KDD,C,AE,0.09090909090909091,2200,200
0.9387,0.9659,0.9388,0.8273,0.91,0.8667,CreditCard,A,DevNet,0.09090909090909091,2200,200
0.9614,0.9779,0.9614,0.8545,0.94,0.8952,NSL-KDD,C,DevNet,0.09090909090909091,2200,200
0.133,0.8249,0.1392,0.1429,0.3261,0.1987,EmailSpam-bert,C,LUNAR,0.04397705544933078,1046,46
0.5759,0.9149,0.5824,0.5818,0.64,0.6095,CreditCard,D,AE,0.09090909090909091,2200,200
0.3318,0.7877,0.3368,0.3455,0.38,0.3619,AnnThyroid,A,LUNAR,0.09090909090909091,1100,100
0.8224,0.9268,0.8227,0.7318,0.805,0.7667,CreditCard,A,GANoma,0.09090909090909091,2200,200
0.3821,0.7736,0.3841,0.3273,0.36,0.3429,AnnThyroid,C,DeepSVDD,0.09090909090909091,1100,100
0.8333,0.9791,0.8346,0.4095,0.9348,0.5695,EmailSpam-bert,B,FTTransformer,0.04397705544933078,1046,46
0.054,0.5445,0.0568,0.0571,0.1304,0.0795,EmailSpam-bert,A,SO_GAAL,0.04397705544933078,1046,46
0.5608,0.9533,0.5632,0.6773,0.745,0.7095,NSL-KDD,C,GANoma,0.09090909090909091,2200,200
0.7736,0.9359,0.7743,0.6864,0.755,0.719,CreditCard,C,DAGMM,0.09090909090909091,2200,200
0.9212,0.9688,0.9212,0.8091,0.89,0.8476,CreditCard,B,FTTransformer,0.09090909090909091,2200,200
0.5769,0.9451,0.5803,0.5,0.55,0.5238,NSL-KDD,D,DeepSVDD,0.09090909090909091,2200,200
0.7713,0.9518,0.776,0.7545,0.83,0.7905,CreditCard,B,VAE,0.09090909090909091,2200,200
0.8474,0.9879,0.8485,0.7818,0.86,0.819,AnnThyroid,D,DevNet,0.09090909090909091,1100,100
0.577,0.8059,0.5593,0.5136,0.565,0.5381,NSL-KDD,A,SO_GAAL,0.09090909090909091,2200,200
0.2493,0.6231,0.1625,0.224,0.28,0.2489,AnnThyroid,B,SO_GAAL,0.09090909090909091,1100,100
0.1043,0.7919,0.1093,0.1238,0.2826,0.1722,EmailSpam-bert,A,VAE,0.04397705544933078,1046,46
0.2352,0.7209,0.2392,0.2545,0.28,0.2667,AnnThyroid,D,AE,0.09090909090909091,1100,100
0.7264,0.9414,0.7283,0.6545,0.72,0.6857,AnnThyroid,D,FEAWAD,0.09090909090909091,1100,100
0.9549,0.967,0.9549,0.8545,0.94,0.8952,NSL-KDD,D,DevNet,0.09090909090909091,2200,200
0.3445,0.8171,0.3472,0.3091,0.34,0.3238,NSL-KDD,D,LUNAR,0.09090909090909091,2200,200
0.3122,0.6818,0.2088,0.2719,0.31,0.2897,AnnThyroid,D,SO_GAAL,0.09090909090909091,1100,100
0.7306,0.927,0.5513,0.5898,0.87,0.703,CreditCard,A,SO_GAAL,0.09090909090909091,2200,200
0.7387,0.9652,0.7413,0.8409,0.925,0.881,NSL-KDD,C,FEAWAD,0.09090909090909091,2200,200
0.7795,0.9505,0.7842,0.7591,0.835,0.7952,CreditCard,A,VAE,0.09090909090909091,2200,200
0.9348,0.9746,0.9349,0.8273,0.91,0.8667,CreditCard,A,FTTransformer,0.09090909090909091,2200,200
0.0738,0.6677,0.0783,0.0667,0.1522,0.0927,EmailSpam-bert,A,DeepSVDD,0.04397705544933078,1046,46
0.829,0.9555,0.8333,0.7682,0.845,0.8048,CreditCard,A,DeepSVDD,0.09090909090909091,2200,200
0.5702,0.9189,0.576,0.5818,0.64,0.6095,CreditCard,C,AE,0.09090909090909091,2200,200
0.6744,0.9382,0.6808,0.6682,0.735,0.7,CreditCard,B,LUNAR,0.09090909090909091,2200,200
0.9421,0.9695,0.9422,0.8318,0.915,0.8714,CreditCard,D,DevNet,0.09090909090909091,2200,200
0.0846,0.6848,0.0936,0.0857,0.1957,0.1192,EmailSpam-bert,C,DeepSVDD,0.04397705544933078,1046,46
0.8335,0.9401,0.834,0.7227,0.795,0.7571,CreditCard,D,FTTransformer,0.09090909090909091,2200,200
0.8118,0.9553,0.8213,0.7727,0.85,0.8095,CreditCard,D,FEAWAD,0.09090909090909091,2200,200
0.087,0.6955,0.0926,0.1238,0.2826,0.1722,EmailSpam-bert,C,GANoma,0.04397705544933078,1046,46
0.1054,0.7945,0.1102,0.1333,0.3043,0.1854,EmailSpam-bert,B,VAE,0.04397705544933078,1046,46
0.7644,0.9651,0.7651,0.7136,0.785,0.7476,NSL-KDD,C,VAE,0.09090909090909091,2200,200
0.4026,0.78,0.4044,0.3545,0.39,0.3714,AnnThyroid,B,AE,0.09090909090909091,1100,100
0.6736,0.9344,0.6756,0.5545,0.61,0.581,NSL-KDD,A,LUNAR,0.09090909090909091,2200,200
0.3039,0.7417,0.308,0.3182,0.35,0.3333,AnnThyroid,D,VAE,0.09090909090909091,1100,100
0.5464,0.8525,0.5261,0.4977,0.55,0.5226,NSL-KDD,D,SO_GAAL,0.09090909090909091,2200,200
0.7087,0.96,0.7097,0.6909,0.76,0.7238,NSL-KDD,C,DeepSVDD,0.09090909090909091,2200,200
0.5336,0.8496,0.536,0.5455,0.6,0.5714,CreditCard,A,DAGMM,0.09090909090909091,2200,200
0.2455,0.8383,0.2475,0.2364,0.26,0.2476,NSL-KDD,C,DAGMM,0.09090909090909091,2200,200
0.9184,0.9709,0.9185,0.8227,0.905,0.8619,CreditCard,C,FTTransformer,0.09090909090909091,2200,200
0.3355,0.7606,0.3388,0.3273,0.36,0.3429,AnnThyroid,C,VAE,0.09090909090909091,1100,100
0.1247,0.7815,0.1313,0.1429,0.3261,0.1987,EmailSpam-bert,D,AE,0.04397705544933078,1046,46
0.7171,0.9443,0.7233,0.6773,0.745,0.7095,CreditCard,D,VAE,0.09090909090909091,2200,200
0.0847,0.7317,0.0889,0.0952,0.2174,0.1325,EmailSpam-bert,B,DeepSVDD,0.04397705544933078,1046,46
0.8447,0.9669,0.8458,0.419,0.9565,0.5828,EmailSpam-bert,A,FEAWAD,0.04397705544933078,1046,46
0.2365,0.6911,0.2405,0.2818,0.31,0.2952,AnnThyroid,D,DeepSVDD,0.09090909090909091,1100,100
0.3907,0.7897,0.3927,0.3364,0.37,0.3524,AnnThyroid,A,DeepSVDD,0.09090909090909091,1100,100
0.7007,0.9072,0.5107,0.5584,0.86,0.6772,CreditCard,B,SO_GAAL,0.09090909090909091,2200,200
0.8795,0.971,0.8811,0.8,0.88,0.8381,CreditCard,B,FEAWAD,0.09090909090909091,2200,200
0.592,0.9255,0.5987,0.6182,0.68,0.6476,CreditCard,C,LUNAR,0.09090909090909091,2200,200
0.8604,0.989,0.8616,0.7909,0.87,0.8286,AnnThyroid,B,FTTransformer,0.09090909090909091,1100,100
0.9384,0.965,0.9385,0.8318,0.915,0.8714,CreditCard,B,DevNet,0.09090909090909091,2200,200
0.7387,0.9279,0.5884,0.6437,0.84,0.7289,CreditCard,C,SO_GAAL,0.09090909090909091,2200,200
0.915,0.9585,0.9151,0.8,0.88,0.8381,CreditCard,B,GANoma,0.09090909090909091,2200,200
0.6281,0.9124,0.6303,0.5227,0.575,0.5476,NSL-KDD,B,LUNAR,0.09090909090909091,2200,200
0.8759,0.9696,0.8767,0.4095,0.9348,0.5695,EmailSpam-bert,C,DevNet,0.04397705544933078,1046,46
0.1089,0.7664,0.1149,0.1143,0.2609,0.1589,EmailSpam-bert,D,DeepSVDD,0.04397705544933078,1046,46
0.7341,0.9688,0.7368,0.8364,0.92,0.8762,NSL-KDD,A,FEAWAD,0.09090909090909091,2200,200
0.2732,0.7297,0.2808,0.3182,0.35,0.3333,AnnThyroid,B,GANoma,0.09090909090909091,1100,100
0.7399,0.9309,0.7409,0.7227,0.795,0.7571,CreditCard,C,DeepSVDD,0.09090909090909091,2200,200
0.9119,0.9709,0.9121,0.8227,0.905,0.8619,CreditCard,C,FEAWAD,0.09090909090909091,2200,200
0.3027,0.6763,0.3097,0.3091,0.34,0.3238,AnnThyroid,C,GANoma,0.09090909090909091,1100,100
0.6943,0.8275,0.6756,0.6364,0.7,0.6667,NSL-KDD,B,SO_GAAL,0.09090909090909091,2200,200
0.3458,0.7962,0.3463,0.4182,0.46,0.4381,CreditCard,B,DAGMM,0.09090909090909091,2200,200
0.7646,0.982,0.7675,0.3905,0.8913,0.543,EmailSpam-bert,C,FEAWAD,0.04397705544933078,1046,46
0.4226,0.7619,0.4243,0.3727,0.41,0.3905,AnnThyroid,A,AE,0.09090909090909091,1100,100
0.736,0.9471,0.741,0.6909,0.76,0.7238,CreditCard,C,VAE,0.09090909090909091,2200,200
0.9555,0.9801,0.9555,0.85,0.935,0.8905,NSL-KDD,A,FTTransformer,0.09090909090909091,2200,200
0.8149,0.9703,0.8154,0.7273,0.8,0.7619,NSL-KDD,B,VAE,0.09090909090909091,2200,200
0.7952,0.9549,0.7985,0.7318,0.805,0.7667,CreditCard,B,DeepSVDD,0.09090909090909091,2200,200
0.2869,0.7823,0.2946,0.3182,0.35,0.3333,AnnThyroid,C,LUNAR,0.09090909090909091,1100,100
0.1608,0.6416,0.165,0.2455,0.27,0.2571,AnnThyroid,D,GANoma,0.09090909090909091,1100,100
0.9624,0.9801,0.9624,0.8545,0.94,0.8952,NSL-KDD,B,DevNet,0.09090909090909091,2200,200
0.911,0.9912,0.9117,0.419,0.9565,0.5828,EmailSpam-bert,A,DevNet,0.04397705544933078,1046,46
0.8595,0.9887,0.8606,0.7818,0.86,0.819,AnnThyroid,A,DevNet,0.09090909090909091,1100,100
0.2593,0.7686,0.2652,0.3091,0.34,0.3238,AnnThyroid,D,LUNAR,0.09090909090909091,1100,100
0.1381,0.817,0.1451,0.1524,0.3478,0.2119,EmailSpam-bert,A,AE,0.04397705544933078,1046,46
0.7357,0.9631,0.7363,0.5727,0.63,0.6,NSL-KDD,B,AE,0.09090909090909091,2200,200
0.8568,0.9885,0.8579,0.7818,0.86,0.819,AnnThyroid,B,DevNet,0.09090909090909091,1100,100
0.1042,0.6914,0.1139,0.1524,0.3478,0.2119,EmailSpam-bert,D,SO_GAAL,0.04397705544933078,1046,46
0.1195,0.7437,0.1274,0.1333,0.3043,0.1854,EmailSpam-bert,A,GANoma,0.04397705544933078,1046,46
0.7729,0.9858,0.7799,0.7909,0.87,0.8286,AnnThyroid,D,FTTransformer,0.09090909090909091,1100,100
0.943,0.973,0.943,0.8318,0.915,0.8714,CreditCard,C,DevNet,0.09090909090909091,2200,200
0.1807,0.6698,0.1762,0.1238,0.2826,0.1722,EmailSpam-bert,B,SO_GAAL,0.04397705544933078,1046,46
0.115,0.7518,0.1223,0.1238,0.2826,0.1722,EmailSpam-bert,B,GANoma,0.04397705544933078,1046,46
0.7402,0.9165,0.5937,0.6564,0.85,0.7407,CreditCard,D,SO_GAAL,0.09090909090909091,2200,200
0.7774,0.9245,0.7782,0.7227,0.795,0.7571,CreditCard,D,GANoma,0.09090909090909091,2200,200
0.8495,0.9459,0.8497,0.7136,0.785,0.7476,CreditCard,C,GANoma,0.09090909090909091,2200,200
0.4609,0.8686,0.4635,0.4045,0.445,0.4238,NSL-KDD,C,LUNAR,0.09090909090909091,2200,200
0.0936,0.4969,0.0958,0.1273,0.14,0.1333,AnnThyroid,C,DAGMM,0.09090909090909091,1100,100
0.4893,0.9403,0.4937,0.5273,0.58,0.5524,NSL-KDD,A,DeepSVDD,0.09090909090909091,2200,200
0.6989,0.959,0.6999,0.5727,0.63,0.6,NSL-KDD,D,VAE,0.09090909090909091,2200,200
0.6016,0.95,0.6042,0.6364,0.7,0.6667,NSL-KDD,A,GANoma,0.09090909090909091,2200,200
0.5342,0.9418,0.5361,0.5909,0.65,0.619,NSL-KDD,B,DeepSVDD,0.09090909090909091,2200,200
0.1438,0.8202,0.1508,0.1429,0.3261,0.1987,EmailSpam-bert,B,AE,0.04397705544933078,1046,46
0.304,0.7746,0.309,0.3273,0.36,0.3429,AnnThyroid,B,LUNAR,0.09090909090909091,1100,100
0.7623,0.9294,0.7637,0.3524,0.8043,0.4901,EmailSpam-bert,D,DevNet,0.04397705544933078,1046,46
0.065,0.6047,0.0696,0.0857,0.1957,0.1192,EmailSpam-bert,D,DAGMM,0.04397705544933078,1046,46
0.9586,0.9893,0.9587,0.85,0.935,0.8905,NSL-KDD,B,FTTransformer,0.09090909090909091,2200,200
0.4751,0.8726,0.4789,0.5409,0.595,0.5667,CreditCard,D,LUNAR,0.09090909090909091,2200,200
0.2642,0.7036,0.2682,0.2909,0.32,0.3048,AnnThyroid,B,DeepSVDD,0.09090909090909091,1100,100
0.8999,0.9925,0.9007,0.4286,0.9783,0.596,EmailSpam-bert,D,FEAWAD,0.04397705544933078,1046,46
0.1218,0.7692,0.1297,0.1333,0.3043,0.1854,EmailSpam-bert,D,GANoma,0.04397705544933078,1046,46
0.6453,0.9466,0.6493,0.6455,0.71,0.6762,AnnThyroid,B,FEAWAD,0.09090909090909091,1100,100
0.1013,0.7845,0.1061,0.1238,0.2826,0.1722,EmailSpam-bert,D,VAE,0.04397705544933078,1046,46
0.403,0.797,0.4053,0.3455,0.38,0.3619,AnnThyroid,B,VAE,0.09090909090909091,1100,100
0.9002,0.9861,0.9009,0.419,0.9565,0.5828,EmailSpam-bert,B,DevNet,0.04397705544933078,1046,46
0.6335,0.9403,0.6344,0.5136,0.565,0.5381,NSL-KDD,D,AE,0.09090909090909091,2200,200
0.7187,0.942,0.7285,0.7318,0.805,0.7667,CreditCard,A,AE,0.09090909090909091,2200,200
0.817,0.9873,0.8204,0.4095,0.9348,0.5695,EmailSpam-bert,C,FTTransformer,0.04397705544933078,1046,46
0.4169,0.618,0.3957,0.3846,0.425,0.4038,NSL-KDD,C,SO_GAAL,0.09090909090909091,2200,200
0.1216,0.8081,0.1274,0.1238,0.2826,0.1722,EmailSpam-bert,D,LUNAR,0.04397705544933078,1046,46
0.6438,0.9489,0.6469,0.6,0.66,0.6286,AnnThyroid,A,FEAWAD,0.09090909090909091,1100,100
0.8666,0.9653,0.8698,0.8273,0.91,0.8667,NSL-KDD,D,FEAWAD,0.09090909090909091,2200,200
0.0449,0.5292,0.047,0.0381,0.087,0.053,EmailSpam-bert,B,DAGMM,0.04397705544933078,1046,46
0.1014,0.787,0.1062,0.1238,0.2826,0.1722,EmailSpam-bert,C,VAE,0.04397705544933078,1046,46
0.4524,0.9208,0.4555,0.5227,0.575,0.5476,NSL-KDD,A,DAGMM,0.09090909090909091,2200,200
0.8571,0.9886,0.8582,0.7818,0.86,0.819,AnnThyroid,C,DevNet,0.09090909090909091,1100,100
0.2066,0.5961,0.1551,0.2069,0.24,0.2222,AnnThyroid,A,SO_GAAL,0.09090909090909091,1100,100
0.1572,0.851,0.1648,0.1714,0.3913,0.2384,EmailSpam-bert,A,LUNAR,0.04397705544933078,1046,46
0.063,0.5881,0.0678,0.0857,0.1957,0.1192,EmailSpam-bert,A,DAGMM,0.04397705544933078,1046,46
0.4132,0.8011,0.4154,0.3545,0.39,0.3714,AnnThyroid,A,VAE,0.09090909090909091,1100,100
0.7263,0.9835,0.7289,0.8364,0.92,0.8762,NSL-KDD,B,FEAWAD,0.09090909090909091,2200,200
0.1286,0.7929,0.1353,0.1524,0.3478,0.2119,EmailSpam-bert,C,AE,0.04397705544933078,1046,46
0.1388,0.8296,0.1456,0.1429,0.3261,0.1987,EmailSpam-bert,B,LUNAR,0.04397705544933078,1046,46
0.7818,0.9708,0.7823,0.7,0.77,0.7333,NSL-KDD,A,AE,0.09090909090909091,2200,200
0.1922,0.7408,0.1984,0.2364,0.26,0.2476,AnnThyroid,B,DAGMM,0.09090909090909091,1100,100
0.6982,0.9397,0.7053,0.6864,0.755,0.719,CreditCard,D,DeepSVDD,0.09090909090909091,2200,200
0.0576,0.6091,0.0602,0.0849,0.1957,0.1184,EmailSpam-bert,C,SO_GAAL,0.04397705544933078,1046,46
0.5811,0.9418,0.5841,0.6636,0.73,0.6952,NSL-KDD,B,DAGMM,0.09090909090909091,2200,200
0.1543,0.5279,0.1575,0.1273,0.14,0.1333,AnnThyroid,D,DAGMM,0.09090909090909091,1100,100
0.9182,0.9725,0.9184,0.8227,0.905,0.8619,CreditCard,A,FEAWAD,0.09090909090909091,2200,200
0.7303,0.9329,0.7315,0.6727,0.74,0.7048,CreditCard,D,DAGMM,0.09090909090909091,2200,200
0.7456,0.9727,0.7481,0.3714,0.8478,0.5166,EmailSpam-bert,D,FTTransformer,0.04397705544933078,1046,46
0.2551,0.6185,0.1435,0.2014,0.28,0.2343,AnnThyroid,C,SO_GAAL,0.09090909090909091,1100,100
0.0983,0.5538,0.1,0.1,0.11,0.1048,AnnThyroid,A,DAGMM,0.09090909090909091,1100,100
0.754,0.9472,0.7583,0.7364,0.81,0.7714,CreditCard,B,AE,0.09090909090909091,2200,200
0.8233,0.9869,0.826,0.7909,0.87,0.8286,AnnThyroid,C,FTTransformer,0.09090909090909091,1100,100
0.2744,0.8687,0.2775,0.2091,0.23,0.219,NSL-KDD,D,DAGMM,0.09090909090909091,2200,200
0.8863,0.9894,0.887,0.7909,0.87,0.8286,AnnThyroid,A,FTTransformer,0.09090909090909091,1100,100
0.8278,0.9735,0.8283,0.7273,0.8,0.7619,NSL-KDD,A,VAE,0.09090909090909091,2200,200
0.2447,0.7481,0.2496,0.2727,0.3,0.2857,AnnThyroid,C,AE,0.09090909090909091,1100,100
0.7696,0.9726,0.7715,0.6909,0.76,0.7238,AnnThyroid,C,FEAWAD,0.09090909090909091,1100,100
0.045,0.4848,0.0477,0.0667,0.1522,0.0927,EmailSpam-bert,C,DAGMM,0.04397705544933078,1046,46
0.9618,0.9818,0.9618,0.8545,0.94,0.8952,NSL-KDD,A,DevNet,0.09090909090909091,2200,200
0.1687,0.6116,0.1729,0.1909,0.21,0.2,AnnThyroid,A,GANoma,0.09090909090909091,1100,100
0.5771,0.9564,0.5799,0.7,0.77,0.7333,NSL-KDD,B,GANoma,0.09090909090909091,2200,200
0.8649,0.9898,0.866,0.419,0.9565,0.5828,EmailSpam-bert,B,FEAWAD,0.04397705544933078,1046,46
0.5431,0.9491,0.5456,0.6682,0.735,0.7,NSL-KDD,D,GANoma,0.09090909090909091,2200,200
0.9564,0.985,0.9564,0.8545,0.94,0.8952,NSL-KDD,D,FTTransformer,0.09090909090909091,2200,200
0.9487,0.9907,0.9488,0.8545,0.94,0.8952,NSL-KDD,C,FTTransformer,0.09090909090909091,2200,200
0.7481,0.9489,0.7541,0.7227,0.795,0.7571,CreditCard,A,LUNAR,0.09090909090909091,2200,200
0.8743,0.9891,0.8753,0.419,0.9565,0.5828,EmailSpam-bert,A,FTTransformer,0.04397705544933078,1046,46
0.6691,0.9474,0.6698,0.5045,0.555,0.5286,NSL-KDD,C,AE,0.09090909090909091,2200,200
0.9408,0.9749,0.9408,0.8318,0.915,0.8714,CreditCard,A,DevNet,0.09090909090909091,2200,200
0.9366,0.9752,0.9375,0.8545,0.94,0.8952,NSL-KDD,C,DevNet,0.09090909090909091,2200,200
0.138,0.8169,0.1453,0.1429,0.3261,0.1987,EmailSpam-bert,C,LUNAR,0.04397705544933078,1046,46
0.5692,0.9233,0.5767,0.5955,0.655,0.6238,CreditCard,D,AE,0.09090909090909091,2200,200
0.3319,0.7825,0.337,0.3455,0.38,0.3619,AnnThyroid,A,LUNAR,0.09090909090909091,1100,100
0.8606,0.9273,0.8608,0.7636,0.84,0.8,CreditCard,A,GANoma,0.09090909090909091,2200,200
0.1635,0.5978,0.1668,0.1727,0.19,0.181,AnnThyroid,C,DeepSVDD,0.09090909090909091,1100,100
0.8467,0.9686,0.8475,0.381,0.8696,0.5298,EmailSpam-bert,B,FTTransformer,0.04397705544933078,1046,46
0.141,0.7139,0.1175,0.1524,0.3478,0.2119,EmailSpam-bert,A,SO_GAAL,0.04397705544933078,1046,46
0.3258,0.9007,0.3281,0.3409,0.375,0.3571,NSL-KDD,C,GANoma,0.09090909090909091,2200,200
0.594,0.8669,0.5951,0.55,0.605,0.5762,CreditCard,C,DAGMM,0.09090909090909091,2200,200
0.9267,0.973,0.9268,0.8273,0.91,0.8667,CreditCard,B,FTTransformer,0.09090909090909091,2200,200
0.6136,0.9491,0.6153,0.6136,0.675,0.6429,NSL-KDD,D,DeepSVDD,0.09090909090909091,2200,200
0.7697,0.951,0.7744,0.7455,0.82,0.781,CreditCard,B,VAE,0.09090909090909091,2200,200
0.8477,0.988,0.8489,0.7818,0.86,0.819,AnnThyroid,D,DevNet,0.09090909090909091,1100,100
0.6651,0.881,0.6381,0.6273,0.69,0.6571,NSL-KDD,A,SO_GAAL,0.09090909090909091,2200,200
0.2423,0.6225,0.1606,0.2143,0.24,0.2264,AnnThyroid,B,SO_GAAL,0.09090909090909091,1100,100
0.1037,0.7925,0.1085,0.1238,0.2826,0.1722,EmailSpam-bert,A,VAE,0.04397705544933078,1046,46
0.1843,0.7194,0.1881,0.2455,0.27,0.2571,AnnThyroid,D,AE,0.09090909090909091,1100,100
0.7328,0.9506,0.7355,0.7182,0.79,0.7524,AnnThyroid,D,FEAWAD,0.09090909090909091,1100,100
0.9596,0.9779,0.9597,0.8545,0.94,0.8952,NSL-KDD,D,DevNet,0.09090909090909091,2200,200
0.3519,0.8114,0.3545,0.3136,0.345,0.3286,NSL-KDD,D,LUNAR,0.09090909090909091,2200,200
